{
  "styles": [
    "./n5econversion.css"
  ], 
  "relationships": {
    "systems": [
      {
        "id": "dnd5e", 
        "compatibility": {
          "minimum": "2.1.0", 
          "verified": "2.1.2"
        }, 
        "manifest": "https://raw.githubusercontent.com/foundryvtt/dnd5e/master/system.json"
      }
    ]
  }, 
  "description": "An add on module that allows for use with the N5E ( Naruto Inspired 5e ) Role playing game. Application is not stand alone, requires DnD5e to function correctly.", 
  "title": "N5E Conversion", 
  "packs": [
    {
      "name": "n5e-jutsu", 
      "system": "dnd5e", 
      "private": false, 
      "label": "N5E - Jutsu Database", 
      "flags": {}, 
      "path": "packs/jutsu.db", 
      "type": "Item"
    }, 
    {
      "name": "n5e-clans-features", 
      "system": "dnd5e", 
      "private": false, 
      "label": "N5E - Clan Features Database", 
      "flags": {}, 
      "path": "packs/clan-features.db", 
      "type": "Item"
    }, 
    {
      "name": "n5e-classes", 
      "system": "dnd5e", 
      "private": false, 
      "label": "N5E - Classes Database", 
      "flags": {}, 
      "path": "packs/classes.db", 
      "type": "Item"
    }, 
    {
      "name": "n5e-class-features", 
      "system": "dnd5e", 
      "private": false, 
      "label": "N5E - Class Features Database", 
      "flags": {}, 
      "path": "packs/class-features.db", 
      "type": "Item"
    }, 
    {
      "name": "n5e-stances-and-feats", 
      "system": "dnd5e", 
      "private": false, 
      "label": "N5E - Stances and Feats Database", 
      "flags": {}, 
      "path": "packs/stances-and-feats.db", 
      "type": "Item"
    }, 
    {
      "name": "n5e-items", 
      "system": "dnd5e", 
      "private": false, 
      "label": "N5E - Items Database", 
      "flags": {}, 
      "path": "packs/items.db", 
      "type": "Item"
    }, 
    {
      "name": "n5e-npc-traits", 
      "system": "dnd5e", 
      "private": false, 
      "label": "N5E - NPC traits Database", 
      "flags": {}, 
      "path": "packs/npc-traits.db", 
      "type": "Item"
    }
  ], 
  "manifest": "https://gitlab.com/JotaroSan/N5E-Conversion/releases/permalink/latest/downloads/module.json", 
  "languages": [
    {
      "lang": "en", 
      "path": "lang/en.json", 
      "name": "English"
    }
  ], 
  "version": "v0.9.1", 
  "esmodules": [
    "./n5econversion.mjs"
  ], 
  "authors": [
    {
      "name": "JotaroUchiha"
    }
  ], 
  "download": "https://gitlab.com/JotaroSan/N5E-Conversion/releases/v0.9.1/downloads/N5E-Conversion-v0.9.1.zip", 
  "compatibility": {
    "minimum": 10, 
    "verified": 11
  }, 
  "id": "N5E-Conversion"
}